{
  "1": {
    "val_mse": 0.009706,
    "val_rmse": 0.0985,
    "samples": 1411
  },
  "2": {
    "val_mse": 0.012266,
    "val_rmse": 0.1108,
    "samples": 1411
  },
  "3": {
    "val_mse": 0.010663,
    "val_rmse": 0.1033,
    "samples": 1411
  },
  "4": {
    "val_mse": 0.010968,
    "val_rmse": 0.1047,
    "samples": 1411
  },
  "5": {
    "val_mse": 0.008806,
    "val_rmse": 0.0938,
    "samples": 1411
  }
}